{
  "maps": {
    "map_12": {
      "3_New Game": {
        "x": 577.85,
        "y": 206
      },
      "7_Quit": {
        "x": 544,
        "y": 519.93
      },
      "6_Credits": {
        "x": 577.14,
        "y": 445.04
      },
      "5_Options": {
        "x": 573.5500000000001,
        "y": 370
      },
      "4_Continue": {
        "x": 574,
        "y": 293.15999999999997
      }
    }
  }
}